packet_size,connection_duration,num_packets,inter_arrival_time,is_anomaly
48.82923312638332,8.829315215254097,107.89606407753696,23.837173645764544,0
47.644808471908384,11.160249686788182,92.75957829251338,12.962681128117223,0
66.48497273280555,14.885659688505589,115.00348883852544,19.47612539385891,0
64.67443168462313,18.47387647822666,146.95243898920359,24.06514348507277,0
59.0254585982366,20.668850484335323,122.96778361140431,7.298056826678598,0
67.73846840375461,7.880603366855217,142.0804858825714,28.802073280721487,0
68.28656202959826,18.142795670021044,142.96244152641088,21.110916562045624,0
66.58557533669932,14.409657365044605,109.39072550495703,18.960890064527838,0
57.81807054736716,14.451950980370846,119.55818520397332,20.14994485058936,0
63.38962935669635,12.560442959271487,130.78654106632752,18.97142538498331,0
57.55575289106863,9.401912833554944,120.70443123455603,13.157803172185742,0
72.7989522396552,25.403903627773108,154.16961077274453,27.295900396142184,0
56.74515095803494,25.45753425961231,156.23042596248814,14.633048837959253,0
70.88850500466627,13.323278206449494,151.90098925502983,28.052928726419115,0
69.67930826703504,21.6438120515174,151.60678607725137,27.109603771176424,0
73.85849355324173,5.757286896849623,155.74382850186052,16.301431106109504,0
64.20310013252276,17.7336678410069,118.80533950415153,20.165877940926563,0
39.874287066711965,10.932271573847139,96.69106767615806,24.26216667398112,0
70.83226104106528,22.462256320040744,151.44584321953909,37.276500699554475,0
67.38638489740481,25.245046129184445,146.4782815472862,17.957693518182204,0
61.753150496367795,17.445935650738317,123.17360734280885,27.548499209781117,0
69.96964544230053,24.19245387225821,150.40914679273783,24.505551734044285,0
52.96841268164083,14.584472136856526,112.476398129845,25.80027981844801,0
47.43066541331653,4.703932390555242,99.68660451363414,24.775711602506192,0
59.328872555723784,12.369164604558938,94.04348251398676,23.28276804316915,0
78.63771585050355,22.18161834837016,150.190017390841,25.600156633591308,0
46.43577108661418,10.532151138459485,98.72511391289572,27.519964942913443,0
57.50297142563213,31.45471286295371,143.05213766618203,16.773006265215542,0
58.14307772785646,3.099492708925543,91.48308780322422,19.722261505516904,0
72.95327415346155,25.543517902914537,154.10241090598683,27.53637015553649,0
50.56758672625624,13.310653372605234,107.93008408072676,13.810922505865754,0
64.5384361766371,18.41795775152599,156.0654884998959,25.708584568199523,0
48.65062532353314,5.106181421088463,97.77853369961944,21.88650246522426,0
80.37630436312632,16.55406090955216,158.67981901582624,25.989553917313238,0
74.81939558397455,31.052615007956756,147.21254107496082,18.150985102104613,0
48.65555654722585,4.467370456291649,112.8667990162493,20.29609217007244,0
68.2567393279607,18.253711478407855,148.39182474391308,35.383739917804206,0
73.92900079325416,22.127287808924823,145.16511928435392,24.7614432192901,0
46.42348145370016,13.397988744673379,96.34816684141431,21.082292947909874,0
58.82727120140548,12.024908554804778,93.69558022832477,24.58930973527388,0
70.5711382433102,20.75150880730939,148.18193893893073,24.715271881394663,0
51.40495933867516,6.886502400897031,98.95938874821363,17.534995326705836,0
44.96991309250149,3.9290569360613397,105.79055436750033,23.95831346981468,0
65.94456685737322,18.541519236005318,121.75724103770791,27.350751191582138,0
54.17846056032571,4.3514657267119095,102.64902088957642,27.207843103289502,0
69.79921024677829,12.84612448940976,150.64052207455396,21.594741712625595,0
73.1620386952776,24.86277224813365,153.10904981108598,17.148876400547717,0
60.160020745328836,11.232910648269083,122.29986071469558,18.61142315123947,0
56.41588839698598,5.6673169146347,119.5865965707865,21.39126245808358,0
68.19982264685697,18.71063745535946,120.37716819450796,13.990170940514158,0
58.75654436908226,23.036727880099964,122.45487475819125,25.674388930249087,0
69.55132152856386,27.200586077247365,146.61803848970365,34.004702164554075,0
48.80525976566795,5.46218168979201,97.11614334715834,23.77695612912878,0
63.61190678913886,13.135834239541165,128.63481925616702,20.001819071926988,0
75.74636663142837,16.48411787437056,149.8250575475152,33.85400317817755,0
49.13665226992982,19.23710838575211,117.32335907023038,21.547333588479198,0
50.601478158559495,12.572194170293745,103.55807439044445,14.376789540810654,0
52.504585938121906,5.112223776007244,100.49666152714613,23.756935616858947,0
56.00606961081972,7.959623134892243,89.80937732411073,14.95956844541298,0
54.03037496800472,15.714715473818533,128.66257499742545,33.15650073096316,0
53.140494285343216,6.932193010616295,127.35585163746805,20.95338161424067,0
55.815818760774796,10.051165305097935,95.09245674476024,22.310517371316354,0
60.56635205268882,7.808610108413166,124.59614467287602,18.65927957230503,0
64.48316696913064,9.235547035237586,151.94289302265483,37.46499758716395,0
61.595872552095905,21.70225223011572,110.62413765177128,22.575130395737087,0
69.98198730454716,14.208176554037287,157.51699150883576,29.386811452878355,0
57.67344771609973,14.470258228479322,133.22171673508518,14.485148358024233,0
46.08373353831882,8.389692418971622,104.06758608684835,13.845678417830225,0
50.435235341190854,8.504963247670663,100.45880388267751,10.062155426995536,0
63.48477202255368,13.33090255121995,125.86562318793321,23.84821096099047,0
67.77248739299614,27.266922385588504,157.89786072865357,22.385699864233658,0
52.483570765056164,9.308678494144077,103.23844269050346,27.61514928204013,0
61.99843975876321,11.743215531040855,117.35691659125122,24.931820093775467,0
67.41194350481915,21.118939758194493,149.91788551963623,30.94196636724042,0
64.98023842902909,11.216024557152696,112.89094666629079,29.506668259777435,0
46.20433669223151,10.751968932381038,101.70877987888579,29.380854196079433,0
55.32280648977702,20.42991058087516,117.32018277442975,26.040288991405724,0
66.88115519652098,29.57015676933393,149.04658799618326,26.087164365898616,0
50.24260813972413,5.845249417944811,101.3522841288992,19.748809452754315,0
48.7371592430342,3.7610840901757525,108.16205651965818,12.849293110196836,0
60.84327335983364,17.209703247847045,114.54800461278577,29.05466189873135,0
69.1368635002959,24.41829968743336,153.2616143920671,17.118039215078753,0
74.35033865344377,22.47840943986302,150.7520945257179,26.824805012331126,0
65.62056359993007,19.737632310614288,116.13561166088195,24.035261435622676,0
64.30236744179872,12.084612807155308,119.16439143106794,23.412899752441497,0
41.652973594393146,12.716800961899676,96.68688120527077,22.852993342965796,0
52.59673257120586,17.66369456501289,99.45619925771571,22.008558610494706,0
75.97523314462421,12.384065476081126,147.20539076364207,26.886059375322603,0
45.87251401603744,8.393070791735033,102.06465727137812,17.181377235980126,0
61.46778966083315,8.217090976882975,122.33214991216764,21.821792588512583,0
54.816880646221605,12.06390463468249,104.11030079997245,29.483964913269737,0
67.41355774949814,27.0467372009279,161.49449061809625,23.185807197801704,0
58.76968755935026,10.783767023419042,130.85471358748907,21.120570937838316,0
51.13729967302065,16.53571377141214,91.96258382719387,20.92316929266152,0
65.05185931714831,24.70385593994108,145.08756303230845,23.876834250014877,0
51.29941397124212,13.909114358886551,93.81524644560959,13.397716934578618,0
49.93251387631033,4.711445355220498,104.11272456051594,13.895781750144888,0
66.99316178024394,21.598909670712686,142.03503133234165,27.202373689801995,0
49.24092299335348,11.404233403787899,118.94434880586152,17.06410236424408,0
78.41963845728934,17.7055786856553,155.3934041671565,24.807457652496463,0
57.09738275097639,17.94289202210305,128.34952252175702,23.973357649114906,0
59.89316352825782,11.263941604260882,107.8787986986353,26.42022698180525,0
63.951526285794465,22.999643649981024,157.6537541617185,31.093809258486584,0
66.74290998192775,17.58057082972839,148.39826345902839,27.120829732009582,0
50.48497982496359,12.975785127184569,95.90889658383264,30.461936378427303,0
46.59987639210755,11.161268485805017,101.46536236649341,16.42824290986816,0
64.76568316956623,16.43562082600912,116.9378131267978,23.80751762603051,0
75.9473524446232,13.861960924315039,152.98700034924929,28.50586371155449,0
59.32991416663541,15.073440973645985,116.0755084345888,25.241402169219295,0
63.83040139192345,21.13466611942154,119.49922961760024,20.98163124911517,0
63.71047686004653,16.49646290203246,126.50870644699398,29.807555983634263,0
54.765445086590304,17.68326376263643,125.92852077331499,25.594766553325336,0
59.82362566458195,10.176317759858643,96.50137246003708,21.06989955367111,0
66.08579260412748,22.606580259612258,124.9915544907398,19.841898436409757,0
50.98430161872027,7.079320284972551,121.33563325505742,24.54362511614967,0
52.067174516118506,19.38397906279033,96.13105400448214,13.776726483442914,0
44.688481431369475,12.367962153175908,95.40287882883098,27.749672025087698,0
50.10350094812106,18.73955128058767,114.63628487130097,23.196234320555746,0
53.40976485647482,8.44866621703272,101.62083176244221,19.349284728161578,0
78.98843263424762,23.20421430633505,147.14410505108603,27.862913906780793,0
76.99677718293,24.623168414563843,150.29815184960088,21.76531611147213,0
58.70601968666449,22.993235852523583,122.8045972397062,20.522598409854197,0
56.88675319132774,15.973037276186213,116.28764707150975,15.399887443896471,0
64.56792313116625,10.984105246598276,127.46344284479761,20.644381994787157,0
44.81376922836772,9.048306609581958,95.62190873307621,13.08600134517832,0
76.2787806278676,15.526963488902481,149.06564177919321,22.801344708629124,0
78.16715766150548,14.26827303490656,151.51317732619518,21.22862074990321,0
49.46484820022721,4.82378838790313,97.23175347326409,14.010610537055758,0
53.78494308322676,5.389173379111873,104.3480296005283,26.778189294024756,0
63.10340385992736,16.345349800290403,149.834365135631,33.97278931758894,0
62.70731364102394,18.795775801513233,117.11744799636641,9.044788539275451,0
59.47775390731264,14.155891384049946,120.3502608155659,27.809391513040953,0
63.279503882648804,15.973680973593874,119.90645621777051,20.05740773455557,0
49.82086980445024,17.82321827907003,86.90127447955128,24.10951252187612,0
51.808180125238174,6.774401226974378,101.80697802754207,27.690182832329846,0
54.2882981160101,9.200307350182864,99.90491896048655,14.987353176810956,0
60.799281959987,9.86162429537021,126.3285392043235,17.669125758927496,0
45.85502494538964,7.199094799015152,103.7364680256163,23.051851327167324,0
67.82751886283842,18.454139382656802,151.11066885816857,22.606256891682612,0
60.610780985063165,15.162326302755734,92.40315017022994,17.578829635668743,0
45.76603140965798,2.4257638765706773,97.76742523966489,24.28199397161736,0
43.39883396489679,19.15729382927177,105.89720060360644,17.654121739476476,0
72.46658950440445,20.92418061847437,145.70821109909394,28.501549397044958,0
75.24776357659667,17.32382394219716,156.58697032817162,25.987998023461998,0
50.99529847786735,6.998915614206027,100.3490104249501,18.0734320156912,0
65.12063373511333,25.268208983039198,145.25300555584028,38.161910324186955,0
66.86516471106117,29.062242789984644,153.53875967727737,22.18766612052866,0
45.580712818994336,10.76862552972764,100.29104359223,14.285148510846884,0
49.89549203017926,10.58663691654391,106.38832447894212,17.04214305582085,0
52.18727071556729,12.354736613268527,123.97132339810913,15.728552884153753,0
55.292122434247936,1.2063025678844284,94.08370743667112,9.803839111199498,0
71.71362673188852,22.283766095768918,152.848836401161,27.238542800086574,0
50.488380492744156,6.134951080722668,100.12255087129472,22.489991456227248,0
57.32824384460777,8.871118497567322,100.33764102343962,12.876259068932717,0
78.36286193418852,22.095095046830227,146.47494072120796,24.72115461171147,0
52.371718427149524,21.31292051713591,117.24070927053776,34.79099642834126,0
66.8051912615525,13.38455103296251,158.21007580068184,30.04908544671317,0
52.73548690585019,8.98903673783053,98.9115939838639,25.49388425993595,0
45.888898022167844,11.218436057459561,101.22483285554361,17.46528412314435,0
43.99851796472112,8.327493820795258,97.62527344419522,16.73335383713144,0
52.60970782808449,11.48492336616593,101.25246425172938,21.732241047484877,0
66.32235028705117,26.18046587605219,155.45655060297133,28.045690604535885,0
70.8994707557674,26.960011431722997,154.59158303001158,17.147496981884114,0
69.55858975824373,32.898546688271594,145.98162716015133,33.195584027220335,0
46.21824627357849,2.888731452011629,96.76713557878736,14.592259981928025,0
61.540252697520515,13.041757162891045,121.34563470622554,20.28403862251295,0
45.80391238388681,8.453938120743928,101.65631715701782,24.877725635611796,0
50.546973973024464,13.62883311949346,102.40504615868356,21.119420121395656,0
72.68254921785201,15.507660091044814,150.14090578684565,24.95440501677898,0
48.32107650354936,18.345107626446964,98.70204324318198,12.48428523440947,0
70.24430035162852,20.202958456019413,146.49004156096623,21.68549541224526,0
57.75575987761262,10.578373171464293,105.89648592031914,20.337592407050543,0
54.54516784892401,12.945928560227076,114.47147665757032,20.925394848556323,0
50.379022790968634,6.6141914424394415,104.87559866708875,19.264713092489306,0
44.93584439832788,11.57123666297637,95.45987962239394,12.938481493323543,0
45.071369768322285,12.520232577589223,97.3487119081378,16.03563583868828,0
62.04909328464257,13.793711726907288,123.36286850601365,31.499409674476077,0
64.59468336200051,23.07967803472132,152.96550628984193,23.452267803430047,0
49.20996050710505,7.865594650262899,94.93947812369916,11.725716640671154,0
48.88268607337075,13.57000247046046,102.36618812286773,19.635855436715637,0
60.41219876467252,7.712242502675347,118.45395461475069,18.239217972047083,0
78.06855634529323,22.2676715075699,148.77921682354676,29.820435841441785,0
69.13464087858065,20.077895237907338,144.518624565524,17.79974558702853,0
61.65990165284507,15.952498398895331,123.5472590856952,19.822568147150783,0
68.18779529298433,14.40165052686928,143.52659262139548,30.804133936892597,0
65.98285750832245,14.20735213486515,119.86347730245033,17.333660204634022,0
68.10436129506256,18.982098199488192,147.09159543025677,19.926216346535668,0
63.74230287904778,27.218823020366298,149.58924410803715,30.586479157940637,0
54.36160318360339,10.916710028691758,110.94901466608836,15.958508573224243,0
47.79977756651508,10.653702886430457,107.20636644533057,12.820689244102804,0
59.86242547474682,23.86125798334872,128.30629607273934,19.714518717068643,0
62.21709050670125,17.859424195170437,157.50379895317155,29.251108710567465,0
69.36648888108773,20.400240328573243,117.76339052170624,28.405081808675565,0
61.12342362875943,19.662954159365448,112.90817133533484,13.19595594009612,0
57.17876200671306,15.922756515985185,127.71054976283938,32.03046444079561,0
55.224387103253235,17.117995327967307,130.31262459621573,16.662335428728635,0
51.48060138532288,11.305276360899446,100.02556728321231,18.827064333124266,0
42.923146289747926,7.896773386173205,98.28642741736616,15.988613653891905,0
71.28014867156938,24.91345491972757,158.32737222231287,30.07185032509065,0
60.303739624409936,18.77670421221602,98.75517925760464,24.85785475477178,0
71.35789418597686,13.616257120898453,144.59471729795868,30.26576426666452,0
64.8242581654873,23.07791411774116,113.82825564060039,19.037678704235528,0
69.87222964504278,25.86364509629682,152.71800077297218,23.14692833956947,0
68.51218248320004,26.878534066558096,149.24972206483736,25.627882267357712,0
58.04120925478089,10.387949077507487,128.0768784473472,20.3883976539433,0
66.75361227466996,13.880298666188718,150.17041734129614,21.15013384470679,0
59.90290197056134,13.484101085828623,123.99970950971024,13.91844695781706,0
40.646040394870724,8.242432579793457,100.09209189594776,28.382186561376415,0
63.09577130502599,25.287477348558493,120.10396853837705,18.35998529385433,0
54.99834337697213,11.611275147375743,122.56953924829457,22.89790890969799,0
61.00284598615472,20.743186747143575,114.92089090510801,22.30839924923986,0
54.02058468982408,17.223013341100703,125.98315743322826,18.95108547840309,0
51.29861250860741,5.478416874477957,103.19296229388686,11.6923996886552,0
75.54091408368758,14.800470364372345,153.06386952531284,19.73292218413172,0
75.42947782915789,22.373491164399763,149.87486520627428,29.088831496001436,0
68.06110314127713,19.48419657932766,118.65734676047084,17.544038872923565,0
49.90743432003805,8.556706805399308,101.61359280169044,15.863845282238385,0
51.20981135783017,0.4335987767110101,91.37541083743484,17.188562353795135,0
63.76670810552266,16.90579192441389,126.44876377041373,25.36590675634979,0
63.88936095554027,23.56499215086194,148.7983730092093,23.125895962252013,0
69.77206991822251,21.21669724661346,148.79381971071834,26.760276982571483,0
50.386841538238095,5.693578993358682,107.61562038634828,22.694550218423295,0
57.189159867108486,13.95389063127736,111.58280903889525,17.970649667519055,0
62.018650451683044,14.87902196804542,115.48149069634935,23.621796408608017,0
74.99005054929826,5.518723109031553,160.44187352390364,24.302051859224132,0
71.8433665443645,18.033305938363196,150.1437241146741,31.392259313036494,0
54.75211919093025,7.115481721687985,95.50792664325822,22.459595857532527,0
70.3223720740506,10.122667168230643,145.30332303090623,24.279562221391924,0
62.568000532848586,12.336495801690443,114.15041582144856,7.638688933591753,0
66.36431412087566,18.762406822242475,149.62783285449976,28.103360487753392,0
58.38660080578932,13.745834917724764,126.6409707092453,24.7811500470033,0
46.18370421728741,0.9755894966774044,91.86228781058419,20.24042473330691,0
59.8673937037547,10.59062674386141,119.18466518028119,18.275486775967757,0
51.92434092047245,20.823696772285857,116.32704211600975,17.948737814928094,0
63.107859449280255,13.15194831978183,121.88550196951093,21.853685931575107,0
69.80222423071673,23.40750348686312,150.1415918806523,25.148780697478728,0
66.19141535716818,15.106357883680309,121.54416506299482,30.51107472317619,0
59.72552999691857,16.427770374288286,122.60561214189669,25.226077929750286,0
69.16440959841573,20.733568432166614,156.0325448325418,20.91532164506382,0
46.99680655040598,8.541531251033616,96.99146693885301,29.261390922544688,0
61.49376454182843,11.241044749524079,117.86821201897229,27.742228545983775,0
59.33683126808713,10.127353476646793,125.53540334643486,21.398094180232007,0
53.26436855235152,10.141929807446743,126.00206953972213,18.71552860514302,0
51.788936801741414,12.803922631841171,105.41525621587638,25.269010260174515,0
77.97252531612486,15.765193258408361,145.04303825271847,14.233049431981426,0
68.76411308739702,16.590078760011007,144.9918999505254,23.594498535570224,0
45.69793317358024,8.077222278850874,105.0314640460722,17.115540652384254,0
59.32845629264726,19.05404136579891,123.96744360276107,13.257340133809096,0
70.8468041201804,12.9314275154751,149.4438696932565,20.480461792676053,0
49.43835975154585,8.895152002333885,103.07083350021712,23.787538550236526,0
48.77305941998565,6.231319178212552,95.55242785187238,15.920948575172808,0
67.89906591452072,18.591076955697464,143.2777474448286,20.40674026757901,0
76.95103774508657,22.789051531759313,150.0517630992169,18.4408188382492,0
55.47133849568691,11.731168306755901,117.02169352978254,28.872190465854086,0
54.630887737658206,19.547083202350652,93.00716213090429,22.814846183452854,0
47.64034067105283,15.44475298483683,100.32140009547732,14.611276110353469,0
74.20321774494361,16.736880103488044,147.7690828339261,15.552296345272346,0
47.27808637737409,10.55461294854933,94.24503211288848,21.87849009172836,0
59.50705933857869,15.094248114724238,123.54107211628279,23.166080656317508,0
50.498256825438204,7.482621729419003,92.24668284466934,20.342814874030136,0
41.10639875547861,17.480221557445915,103.27182828177028,19.722076645447725,0
75.33337344794577,25.846477952228362,156.91079495518764,28.243549437948214,0
49.669601006763415,3.944919001187717,96.7408194609892,20.23699335658207,0
64.84728600263368,17.135971809358423,116.76886345078098,30.87655446304756,0
59.1993360221668,18.356700382252328,121.06598314118844,18.240153341305906,0
73.40945744813156,29.23353662868017,152.91964092662982,23.203539546064704,0
61.20376589744284,28.008415570901974,122.82754822815772,13.196186204220911,0
72.58829510234561,16.371280934232672,150.9338338223854,21.22308533823339,0
64.44712077267086,28.761352217118116,154.67839196573732,31.357775474970794,0
71.5390088444603,11.449158036716872,143.25907288947144,28.716320470113576,0
61.41643935773071,13.705475131479613,122.93346900737637,19.62548171688738,0
53.45071995855556,7.993897640570818,101.12046240905208,20.062962003908975,0
42.329429146321885,16.388384109492545,101.66157005989795,16.25756731721723,0
64.4155488857358,14.61081401493599,119.09760043204687,37.965537839224304,0
71.90967726115777,22.150208235955347,155.15141727015921,26.193945795132567,0
61.615838570923906,14.261987068506656,117.66981749065879,14.026484663666022,0
60.12109728336379,22.061102777077146,119.60179304377142,24.26185898124867,0
73.0394825485827,20.93304561578179,147.76783192724736,25.97044996449154,0
59.867971215205365,16.400805794098034,115.95198240039177,24.120305222320447,0
73.22742090570537,30.8162736165273,148.461108825235,26.095751638319694,0
73.60836032021618,14.354741143913854,147.37739866860113,27.44687280613959,0
50.30115104970513,22.31621056242643,99.03819517609439,21.507736711668063,0
55.14171632729357,8.101909176055347,116.86641387705018,26.311967361913794,0
70.85432719063971,19.080083318236603,150.09216966532696,26.737908526808354,0
67.66149399344054,21.73251940865358,149.76539710560408,27.385204136115608,0
54.06262911197099,16.781200142854114,99.63994939209833,25.01766448946012,0
56.65463630670042,20.19952343698038,116.97192230131569,31.130048567734683,0
66.52170121439076,6.687540059821629,125.16273102170828,27.633525684137915,0
48.84532734895661,13.481031824067092,109.24478047472672,25.632825147738785,0
70.62612251323954,17.852972294373735,150.61148751516143,27.71649014518194,0
73.06758986365209,14.886037174007972,148.71311731288327,16.657079630612053,0
82.01707792619138,19.711906014832074,151.00549523357483,30.25327198003806,0
47.749672642603784,13.114249661737494,94.66189785308703,19.288102574893532,0
50.06964645956473,9.879374564449984,100.99042380383928,19.278197940380288,0
66.63254687878066,21.39497081111901,145.82326473370122,35.72574563886694,0
53.128336738825034,5.714212217918587,94.64553750969444,22.412362076215928,0
61.8364365670067,24.190918383975614,118.88267008814074,20.253416019409013,0
69.9018110053666,22.762449772085738,151.1195706703233,31.82070214986922,0
49.61449145292948,11.705759874083219,101.38345399665009,24.13591624518012,0
54.10480104420099,20.93839694230782,117.67691351350804,23.005798279364196,0
51.85572936685654,6.980074066420897,100.4329489373645,19.221613823039604,0
62.565528990880416,13.702266612080415,123.69405240443751,25.076837420065267,0
59.34371516453847,15.38425941479384,118.8757200909596,18.7499870958827,0
57.58628238908984,10.233356958706437,120.61335157997398,30.123392292347802,0
68.93278564534896,27.45363068424976,150.74333728601056,23.314570144409803,0
60.802869905249324,15.015230100767072,122.18469084873175,27.953231373931708,0
57.63080326464542,14.927738645608605,122.73142124001849,22.032111349054688,0
73.49111656806795,21.967426927108747,154.47596610013866,28.175859008409848,0
62.18279902078834,19.519674205430977,108.1853378222908,16.95134647645031,0
66.10516847762676,17.91048851734308,118.86757950575084,17.202803816382602,0
66.65954773178476,24.960211747682614,149.12520121652295,21.221274202535778,0
60.03132178714272,21.87028284923786,156.13834496236646,18.951794906543974,0
52.39489912873196,11.668310526434741,105.18769972128949,17.449918005726264,0
59.923450754135025,17.896457498005443,120.59790184207077,17.13465529559222,0
47.65262807032524,12.712800217929823,97.68291153593769,17.671351232148716,0
62.14408250165287,18.46552803631572,120.88220777638612,20.164860804583387,0
75.1128521600482,32.19876203169636,156.92136409255258,27.819545600261797,0
77.38270174862947,26.900456770737257,146.87218649245236,26.979017667187044,0
55.6100870662172,10.8655982298007,118.86760554049236,23.83682753408089,0
71.01461510425649,12.42127942501384,157.7375260066503,33.97938836547761,0
56.988939698191096,17.34387128037512,115.00807280405854,23.50895949909733,0
79.23318498023833,14.649576168369236,142.3723741453763,21.540459650593778,0
49.32162893010652,30.68874266829997,125.28028404533026,23.1161945706458,0
48.65296582777721,13.58771127897981,107.51178526048014,20.370473902098876,0
70.28324962448553,22.648463771783653,149.64750610970455,27.43250821913101,0
78.3885040703822,17.232058791460027,152.84491539592636,33.14198311564269,0
47.13168996559882,7.265705293798039,99.83623364892001,17.282876144331176,0
60.442034431459234,22.38765040527631,114.29155442933248,21.03170270360141,0
70.37041334874986,10.403077042067883,107.34856238626836,20.569978890599447,0
60.94790808299372,20.005230462835705,106.48383853500381,25.38937659765454,0
63.89180538083319,12.244071418357333,115.90900558288847,21.98312771294524,0
71.24691841855378,27.887266398817374,149.52352233806525,26.395107628851697,0
77.75250246407039,15.008229796306045,154.9216119923829,23.930055778872454,0
54.775954029894834,5.1682170531199905,130.2810356497016,16.483958171391585,0
63.59847800664553,24.362286641400722,153.2510058897933,24.504120681103085,0
70.95549534009952,20.232182740780743,143.2007192951004,28.731267830136105,0
72.6141774401775,17.131499980307105,149.8782270386951,35.71135179305932,0
51.69248203747207,7.923560430495994,103.16390933053142,31.35346428902198,0
62.98697364100153,28.747883715934698,143.78068382304357,21.53547401102046,0
45.126591648863396,13.93542301871226,105.79297789503703,15.896588408241447,0
51.28775195361382,9.627770421169163,90.4061439235048,19.867430622753915,0
66.40796367215401,24.474621884722207,148.52525160853986,31.238710363368668,0
62.69148039524816,20.36253668654901,118.17523635228558,17.803951663304968,0
72.75026049512276,15.158277725681824,150.5268775307298,18.329872525408977,0
72.97377170832642,24.26707779390154,153.7946429489338,26.405957119846878,0
47.56196887963753,7.837209060901896,101.97226071189148,17.895077595898684,0
69.75268145173783,23.37409746083302,144.3863898921885,26.912048730920255,0
57.268777758737585,16.959020027012734,112.60544215612936,22.91679959889578,0
56.94115454547357,14.81481601475794,117.8534888774137,18.53789510063072,0
74.69141902988,17.41977635891313,150.48060388470492,22.688623556474788,0
57.25571803897521,14.796354130426035,110.76591228755778,16.163262185559752,0
59.31275742686154,19.764372736014693,128.06139128994323,28.57457226792024,0
68.70478927089648,19.01825075457511,149.64199370292968,24.813888817450792,0
53.69233289997705,10.856841405949853,99.4217585880588,18.494481522053555,0
46.48973453061324,8.361689267011158,98.0394592343392,12.682425259339407,0
42.02786170602816,7.003124885231136,100.02621849859092,20.23490296882371,0
58.45982857907129,18.898302661346698,126.55154373059804,28.97841905394978,0
64.89383591434644,23.541782236496765,151.21900356885598,22.179606846316357,0
66.81130007874341,17.345015224990913,146.88429736787617,22.222614404198726,0
54.73158790426823,9.660985392104035,124.75153795986787,30.553066862909624,0
71.63066511121059,13.744432118073485,154.62013509603452,24.075489317785056,0
54.28136896339669,15.542798528882615,119.8338500467777,20.959415713637302,0
66.93605654757806,18.061492200320078,151.42932695362452,26.672283949935125,0
72.7916345626086,20.380026957062057,152.69377996223184,20.39663203460317,0
73.29272136336415,30.051022693831747,149.11526386252976,21.00851377730773,0
60.795628843341774,13.602115166321493,146.8759071115216,25.13045525105417,0
67.27540456595526,21.995680571760353,149.81182648787575,30.516509410082605,0
61.573292833367546,0.6636740370412593,103.43130095187257,11.936420644051742,0
43.47765249747573,13.348362744150192,101.83299123048424,15.300601068363225,0
69.64917144270676,11.695195332420043,152.14809109566292,26.038438435815557,0
62.21685413238048,23.030049756728197,143.5978532375186,33.77397090992182,0
61.26869830747287,17.338465858827167,125.42893162469673,22.48991576735448,0
51.448874284482066,20.377003993227195,104.35562351715846,18.369882339160796,0
69.07356170561145,19.35089650133287,150.21905735989554,24.264989991857558,0
56.78225083841269,20.149804087905807,118.3261233394673,19.981757683790015,0
41.434327354545616,16.769361870827062,99.42730077373692,26.189081559867308,0
59.46348927997886,17.238584629051388,112.1456192396575,16.366162655450974,0
37.641777499363556,6.015523722647616,102.8853606359027,18.984773069785035,0
50.90933127529247,11.24110293150168,97.70319550229878,15.750778152676041,0
53.226879747925736,16.843157787661745,95.17538269709948,23.430257299992196,0
56.334555745933116,6.461652671906096,102.21909714073114,23.873170267146683,0
49.36041204259617,5.2222977969978714,91.96776839871214,21.017318179336115,0
55.838910308299035,11.272104216506065,101.68801331037601,17.940615169387662,0
46.04762772277344,12.357341785679978,109.41012248237517,26.727100230774887,0
57.965933133196984,7.443921617844074,95.0519758987071,19.37106539950176,0
81.59664769990847,21.96658919697186,150.96024558245017,23.454417678987493,0
59.14907688737536,12.733859753363625,123.48193723728357,26.776526042852552,0
74.59538241493884,18.548627279056742,151.3369615703595,26.608489030980067,0
65.93693025782376,27.947818210093068,122.89816586606788,23.628981582910832,0
64.06200790485244,21.549103551135136,153.1688844046605,27.068995487257492,0
46.40777889373782,8.932764241440763,101.55453782799002,27.376781084747762,0
57.78358874404245,10.575986429865495,119.13526970038288,30.558542400711715,0
64.97929616623966,16.161012174479357,149.8265755630661,26.171073662682602,0
70.52100551975938,19.687034360502388,146.23017705566662,23.59662461566613,0
56.72962158436288,5.846835515717716,122.5560129976249,28.86829272581479,0
45.80139078909612,7.00303677277989,89.38052137845096,17.371224891596196,0
73.6381477181849,20.259729429036497,153.6632003860779,24.59641709945709,0
51.3998431315991,4.372554763508117,112.22875989808414,20.646105909876137,0
70.06693623763312,15.682676655413687,118.17339224343945,22.923401529324543,0
73.21361379933772,26.645762650662157,150.98260584850735,28.54501878794256,0
54.12708174494015,14.067548180003193,106.52739403577165,20.105019208163796,0
51.07046872065102,3.7713061064400595,100.86590462925591,21.926586898644185,0
77.23488942176867,20.982773882557872,155.15922269734318,17.57219813481514,0
63.31440634333706,20.867369287426627,120.90510779351854,15.515840260220767,0
64.76562522688043,17.565427100486467,123.62547893423998,24.58089143557479,0
46.746787154390866,7.5643730811765195,97.03803037880566,15.68004615160092,0
62.279438860408035,25.82501172450542,116.78240884809928,26.639200640406187,0
68.89517913085169,20.134429194972654,151.04191403973778,14.791325657878547,0
53.165606507922895,13.876172990536583,114.1494348697032,12.9900978120999,0
66.96232650032164,13.749767427005237,121.44346814639928,23.301609193856102,0
42.42404468900724,16.834371337222624,108.22483856750642,18.75481980221811,0
42.60739004816286,6.400778958026457,97.69680614520107,25.285611131094576,0
72.4701509314137,21.303368829119535,147.2484742307729,21.641883160309742,0
50.22785919951907,6.741998261970915,110.71972044662662,23.169595111590056,0
71.33525132934629,24.448153978117183,150.41141994637712,30.327401875326757,0
63.8711716849883,12.6781255989509,151.12225909279985,30.235491513060772,0
67.12181086881112,20.610049073226808,162.80042269134398,24.51970050137675,0
49.82644115147378,4.15660981190234,105.7141140725751,23.759665163433873,0
45.95753198553406,7.491214782077318,104.57701058851038,21.643755548298422,0
56.9329866822953,13.487651567559357,118.05911590729386,22.85208111187744,0
60.339277552637014,19.263868375611096,122.42366408647237,17.768216725045633,0
60.61602403392243,17.75742688020234,120.21801223186228,30.475255202153765,0
59.30772008008113,8.878508818553172,118.95488371356987,17.7473977289535,0
54.688032359265605,17.141535486038244,119.06427867497726,26.928649978399314,0
59.59035296058139,28.48228184145019,151.0550873360131,24.516434440648037,0
46.61538999847021,13.05838144420434,105.15499761247976,24.656400595580994,0
59.39525925696109,17.097662219535138,115.5625391109895,19.812708498382946,0
54.11585291980957,10.366589835942019,93.55019550129472,13.52460613968192,0
54.15167908272123,5.719580870455664,100.35783118609696,17.611712766174417,0
43.111653160214544,5.310874800424386,102.5751763360433,22.568929754561044,0
54.770008817466014,13.25695625652899,98.42365377679828,23.794846102466337,0
51.04431797502378,0.20164938060112192,93.35906975550785,20.984306179345616,0
47.053176215278945,14.248010485105123,101.78507742982524,16.535452023696728,0
52.93428546900135,20.952278129049894,95.04731837434656,17.16851135198614,0
47.351198981164806,12.56633716556678,100.4853877467402,24.843224952664446,0
67.30120159845319,16.108476372988438,150.9792262754884,20.10813611192484,0
64.74777067720662,7.575510157750482,107.23039432549022,26.67159955619637,0
53.95515973521523,5.453062726026305,107.0139715546805,12.990744686038596,0
66.81306436346742,25.94508265553776,157.10252123994928,22.14626853125262,0
75.52762966478991,25.9351515278019,153.19365111014594,19.284975436347583,0
71.16892955895374,12.220521768981865,151.6544011610723,29.167644808044624,0
70.39317595158045,10.008996577339461,154.58163837351242,26.732442379489964,0
52.094046489839336,19.475191570380577,117.58469474158281,22.733965059927748,0
61.615396365580146,13.738232489368562,118.54094365542228,14.184045956516716,0
48.90164056081244,11.785562857558732,107.38947022370758,17.40864890863176,0
70.38410945530127,13.585038879057151,154.9813340972357,22.531217084193436,0
55.36323432904713,16.191844913673926,124.87598814891214,24.505470849699226,0
50.27862456144347,15.470957592354743,91.5376768514259,27.64775159730307,0
77.8276201461717,19.67124869463506,147.224002366534,34.40578534720295,0
59.0855177944758,21.874382095740923,116.77017910437732,18.00403996674873,0
70.66770452391141,19.23765081809728,153.54054338344295,29.78351158397292,0
54.0318158412176,19.595770868050007,125.0029115902149,18.646898954616777,0
52.57523843153024,29.263657453273606,102.85445255346583,25.677828200902994,0
75.36815874929886,14.8674235029447,150.66484837073438,21.499395925304135,0
82.63466212936811,17.345656135398396,147.5528027874089,30.22080438534536,0
47.34749426194736,7.1209087967766,98.62474151424178,8.490394176322075,0
49.19357144166995,12.020254284072692,109.43092950605265,20.872889064159196,0
46.13587392731214,8.815906966299956,97.57318226085448,20.409370696931614,0
58.138966119644735,20.44374309852093,129.42293152967304,29.716217641360945,0
52.88278481527883,11.55625077271768,115.3944040422762,25.597874557172883,0
65.83822213447885,22.35707778193202,147.23888477859515,28.164659088777555,0
63.684219485462165,13.593362214408932,120.33495358612436,24.579696088520496,0
69.50595342876504,14.696695930926897,116.45796616544769,14.431428036935865,0
61.535215929023074,19.50830186602625,145.05704446424542,19.482053413921143,0
65.63025125386085,14.743031382057568,111.1348376589656,28.309607503569957,0
60.84230488134807,21.5879876780398,114.96728717360179,27.699392805645225,0
51.92032724469654,9.836526259529535,89.66278949980062,19.55439980243606,0
72.04126377857236,11.487081978810798,155.1457781866282,27.362987412065216,0
51.718091447842305,1.1847992231863298,101.62041984697397,18.074588597918417,0
58.40473032166691,11.019870715982556,125.38003569299299,22.10655824335971,0
66.07005269746026,13.34383523221111,140.8189731344835,27.539956634562717,0
62.778022330017244,15.447903406276245,119.01330789846337,21.243633581732443,0
65.50479817499286,24.791737271102967,113.85225202773792,24.483496116182607,0
51.63463686882081,8.904497355955678,104.14702790591744,8.944323454960575,0
67.56724871621066,18.154058422773886,114.87906587835397,31.27046283167094,0
62.75993049791878,9.005970216899591,152.20007225026666,22.489728878236946,0
48.77128467957028,8.636382151261648,86.51556678529214,19.72852566741094,0
70.30751788318199,21.041831152965713,125.12031262905731,24.962634746005914,0
51.17807279054283,13.854325969434834,92.60706877110078,25.718770216034645,0
64.35648648728622,8.270101598766257,120.63189789773206,31.694644995291423,0
45.36534764210958,9.702373219691,83.79366329965464,14.878061793328552,0
47.60412881077355,9.071705116680914,94.46832512996986,14.018966879596647,0
56.79259202388524,17.159612723369705,124.0020476261384,25.771456649067872,0
58.43570817536282,14.408198784747253,99.96013679341691,27.39972069445013,0
53.12059908526078,13.1417275463214,99.93876613576543,15.513728142570843,0
46.037396307836495,9.426317792665506,102.52493639490228,24.328775970850607,0
50.065009459389536,17.267670385786584,98.67671583381022,33.600845832948096,0
66.55924827411138,31.262179026721544,154.90882743495797,23.37584308245689,0
56.061081240458805,11.89576200874442,119.15928090707605,19.639547111514364,0
73.55479984101746,22.2213165574302,148.1951691709046,30.79664901682124,0
59.357312442805345,5.590754772511804,117.25637546129519,22.464224505705573,0
66.94241098504025,12.966694515758888,145.3838337694455,18.24157697191833,0
55.8620488967564,15.430719415231874,114.63930494007197,7.393247582526964,0
71.99611561302639,23.235979698513706,147.58406768850313,32.869933816450164,0
60.665166873281336,0.23956100238749123,99.24107452482208,22.941586032422883,0
60.28506562448542,16.342961394316283,127.64234213206265,24.53917878144812,0
54.49799937716625,11.536497604383047,104.06431059419481,23.14814420961806,0
58.89373188207114,13.615933500555396,121.5370334890455,26.078686062696484,0
63.19025550720379,17.504222374722286,110.99471132923631,19.28663100132989,0
60.97192150788668,13.234168535946559,121.69241921730845,20.522992949304854,0
59.9816047538945,83.02857225639664,74.2797576724562,68.94633936788146,1
51.24074561769746,51.23978081344811,47.323344486727976,79.6470458309974,1
69.04460046972835,73.32290311184181,45.823379771832094,83.79639408647978,1
78.29770563201687,53.49356442713105,52.27299868828403,52.33618039413735,1
57.169689718381505,65.99025726528951,62.27780074568463,56.649165607921674,1
69.47411578889518,50.57975442608167,56.685785941408724,59.65447373174767,1
63.24279936868144,76.40703845572054,52.98695128633439,65.56937753654447,1
68.6965827544817,46.858016508799906,69.30179407605753,51.82096494749166,1
47.60206371941118,82.95542149013333,83.62528132298237,77.33589392465845,1
57.18455076693483,48.90688456025536,72.36932106048627,62.606099749584054,1
49.881529393791155,64.80707640445081,46.375540844608736,81.37281608315129,1
55.35119926400068,71.50089137415928,57.46844304357644,65.80272084711243,1
66.86841117373119,52.39417822102108,83.78338511058234,76.00531293444459,1
82.57995766256757,80.79309401710594,68.9159991524434,81.87496940092467,1
48.53970008207678,52.83931449676581,46.80909155642152,58.013213230530575,1
60.54709158757928,55.853961270955836,78.14950036607718,59.27013306774357,1
56.23738038749523,66.70784332632994,50.636968998990504,77.08787923016159,1
47.98202574719083,84.47547746402068,75.8897907718663,52.948627261366894,1
45.220884684944096,77.61845713819336,73.27429375390469,74.1602867216395,1
75.85081386743784,47.96178606936361,59.33862914177091,49.63476238100519,1
79.52413703502374,69.93192507310232,58.23592099410597,47.54233401144094,1
57.43929286862649,58.007332881069885,74.18424713352256,70.50229885420853,1
80.48850970305307,63.88859700647797,49.78376983753207,73.5297914889198,1
75.4314019446759,67.45108790277985,75.83868719818244,64.75182385457563,1
65.90931317527976,62.101640734341984,46.01676506976381,49.315657079732176,1
46.25716742746937,70.45641645055122,57.57423924305307,65.34282764658812,1
81.30265895704372,54.971689165955,61.41531692142519,75.22204554172194,1
54.1519266196649,48.07919639315172,56.59005811655072,51.44885149016018,1
82.18790609370292,77.32481518257669,70.33615026041694,79.85842360750871,1
77.14688307596458,52.46280235544143,80.70235993959912,66.57368967662603,1
77.2976062065625,80.84365199693973,57.72013899887455,49.40207698110707,1
54.117406501677664,62.084311545050255,77.72059063689971,79.42922333025373,1
45.27808522124763,65.42989210310263,61.696440125951156,53.88431241882921,1
49.79461469334731,58.50460685614512,82.71638815650077,57.92811728083021,1
65.75162486973464,73.12075835580711,59.54518409517176,83.87128330883843,1
83.49789179768445,55.07129183301457,64.88994023569542,57.03513239267079,1
56.393619775098706,46.47547789418131,69.38257335919587,65.10716092915446,1
47.05915004999957,56.14585856946446,81.33063543866615,54.5824756266789,1
50.795794883648924,64.57811041110253,84.42601816442402,54.68221086046002,1
71.88542189623514,75.46478461314871,54.50550175969599,74.12865394447438,1
59.71132530877013,70.29223322374318,70.34118843043579,66.43098736299034,1
48.61159080217633,78.41209982356952,57.83120259886943,52.46074041599417,1
46.63100566219056,68.63571772752968,72.1025744736913,45.663513157114245,1
65.48372233197124,54.059831007917516,70.80691161637799,51.974657160199655,1
72.63750952409865,60.469413852021496,82.46919954946938,50.500837765839734,1
58.64265404201034,49.538940849623565,81.98774473114251,80.09357413523924,1
55.31766510860622,71.39936184136715,77.68888800804864,67.2080324639785,1
66.18602313424026,54.67409163601807,48.72411071223597,80.88863031813307,1
81.01672228653322,70.32405829093072,58.56119164194803,58.968382984506434,1
74.03822715480958,80.88441039810309,80.48345697060469,76.19502183430495,1
70.68126584617151,48.365598599801956,51.46514856378455,80.94216754108317,1
69.2571623863836,45.36788206466519,49.05886171464128,71.54007076432222,1
45.20246335384875,51.432322056699945,66.94935157466344,72.67580790770774,1
71.07845038010402,53.970772378422396,73.48716885390144,54.489963499872005,1
58.01598792637071,74.85965620472096,70.98531596188859,78.96893641976712,1
71.30451569201374,67.73234413341886,48.7469907131237,59.70863212237734,1
55.60809470726902,54.75958573516334,83.92042219009782,60.723908986670416,1
80.68186220708454,70.24554503989052,76.79245214166593,65.10548372420769,1
68.07615538505436,64.70070775275455,52.80971951192178,73.89808461046022,1
56.23089449763423,45.97263865725815,70.81889183628671,52.084427176281956,1
82.61834337411656,83.1571430801035,81.59457560881793,59.806348010217775,1
45.6182646611547,82.13274250350901,62.12736593269257,83.66619276174679,1
83.54479908357011,79.12037821869441,56.77795568278343,60.40390914407701,1
79.04546686067428,57.676880206251106,51.7797098674437,67.27205049833401,1
82.44619096643123,72.84119186699891,67.8024468035746,48.887059750830744,1
69.6002890679668,84.60215400417053,50.603360609460964,65.73318609454947,1
80.09492287711822,74.63074471016817,72.88062963981072,73.09936335948437,1
59.37964604879021,56.74367377057973,77.37444621914054,77.40453578716723,1
79.68289274320415,81.52962210225886,65.4536959544375,65.06065178748798,1
76.931807158671,70.99855723111061,73.07867509030814,76.83170677744404,1
80.60021367270265,58.51980627406143,60.02331810559776,48.75927759363476,1
68.13120563984697,46.43769095186968,63.623920725298404,66.70578538830307,1
56.461650085131375,68.63333042276042,46.220009997561974,46.493927549968575,1
77.90402242638633,59.40762565645052,50.082420506075394,65.88973040219217,1
75.79974212394444,53.63284109987373,69.91561903276,48.41389859975072,1
47.067268846744305,66.25418526272591,66.62540486440426,70.49719605992826,1
74.04365334890646,84.03408317850139,65.65201393204781,57.91825891764984,1
76.80744779074814,55.83329005048297,62.558856828225444,48.13825525369064,1
46.0140297366183,83.505936587117,78.43920482048824,72.83896824374793,1
61.35811777657079,51.931772802833834,51.25748170684344,55.00971592658381,1
66.96906658824481,73.5838369080025,71.40789506870925,56.197355877837715,1
83.19461122652777,74.51587666783074,67.17416210045603,69.46882984937409,1
61.7840024971116,54.9092395800463,59.238907146050465,75.31384441857476,1
45.57573954519023,49.64290562027665,46.84010568087011,46.62915209275881,1
79.21842336044028,73.14631437520094,63.96695316349301,48.91336642604006,1
64.6646350046733,63.93887083122263,51.92807479640061,62.35406596951892,1
60.94018937589494,69.63400392208865,70.40374603470575,46.81216039088178,1
59.98450458505885,70.03439662856945,65.12545034320351,79.25959364753288,1
71.3477452647578,51.51737708325719,47.82274989601719,70.69677112825262,1
46.06045242166487,68.43102325093852,82.6092096569983,68.01896711503517,1
60.526797048260875,70.73152873769413,63.33011561966067,66.8246715726374,1
82.658592351061,60.44410551203097,83.44762255295657,81.21402567824255,1
52.831645391571854,47.77445203500662,49.03112005509706,45.72887302606199,1
48.77771843023714,72.32027093665428,47.84754593840916,57.759025211750455,1
78.79501243877817,45.93087742943303,77.57873930355743,56.274190990936,1
49.726593104866254,72.86948661456603,70.15771387119536,80.09888054108211,1
74.40284175215544,77.13923721539393,56.28138290285226,52.09758175118891,1
75.02459006563433,77.27338957069057,84.62020568002694,61.50470707645706,1
59.88072343171133,76.05651842967987,58.63214161012071,82.23029302414258,1
79.33651007372048,62.15976109500073,75.03484271165989,75.1817149633873,1
